story_points,team_size,past_defects,qpi,future_defects
28,6,19,0.7597042386041069,19
96,8,0,0.5635823567107179,13
15,4,21,0.928958378141511,14
90,9,16,0.6957160822060748,24
20,5,25,0.6770265359691376,25
27,9,7,0.7661230467188171,8
42,6,12,0.7485410810469888,16
17,13,1,0.7114346054100533,0
17,11,22,0.5688056593826242,22
61,14,14,0.9567344722970812,14
20,7,27,0.8752930676785402,21
76,15,11,0.7777004802292973,15
72,8,0,0.6793222426588057,11
29,9,4,0.7447197767135436,6
52,13,15,0.9475590255441253,12
63,14,3,0.7383144463323142,3
77,10,6,0.8690244651699381,12
14,14,22,0.935078333536139,14
34,7,20,0.540242055297337,26
36,8,24,0.7517896346562234,22
48,8,9,0.7442134090118867,16
21,9,17,0.9766278154925601,12
56,3,12,0.8428761346800987,30
37,3,29,0.6147561368817636,41
81,5,14,0.5156553272998174,33
6,4,9,0.641532166743312,9
75,13,7,0.5086459411869879,13
95,6,10,0.7341246267721568,26
32,8,9,0.9672406893132692,9
36,4,18,0.5373172041581882,26
10,15,24,0.7182448441797604,20
89,11,25,0.8812352083041972,25
50,15,5,0.9374203260333441,6
17,14,10,0.7312161220185712,9
38,15,16,0.6483498239535108,16
23,8,18,0.6506288796523689,17
23,8,9,0.6166426181852913,12
18,3,13,0.6595050278032151,16
22,11,2,0.9046490813158532,4
7,3,26,0.618156216617818,24
76,9,4,0.8578077573953482,12
18,13,18,0.8154541282087705,15
49,14,2,0.7752686933484938,5
8,6,5,0.6358140302912604,3
27,8,19,0.9130899001190119,17
31,6,4,0.6791299103288938,9
92,5,20,0.9393889492653235,34
90,11,4,0.7582032345632905,14
5,15,29,0.5894675182847477,26
29,13,14,0.8223167516502943,12
29,12,8,0.8969644692116159,8
60,2,1,0.5412253072055377,37
64,10,12,0.8213818659711822,15
36,4,14,0.9708378565908296,20
41,2,8,0.732046171134769,31
58,15,7,0.6878580007614368,10
94,3,17,0.5074916544558377,53
67,15,0,0.5672290083397067,4
39,6,26,0.9785623089478792,20
63,13,30,0.7290840016569602,29
58,3,22,0.8619902400282773,37
89,6,8,0.624664367034339,23
35,2,30,0.6481042833010908,47
7,7,15,0.7141146902659343,15
59,10,4,0.8300204588133984,8
13,6,29,0.8912054682792712,17
34,4,4,0.7757031890121919,13
12,4,29,0.501250112943005,33
33,6,3,0.7917590617316127,9
24,9,29,0.5022836254993246,32
38,2,25,0.6001578553186409,45
58,6,17,0.8190815423150977,22
91,6,29,0.7082573638196497,40
8,13,23,0.5461899992667154,24
31,3,13,0.6557212276233457,24
83,12,4,0.9436697680065919,9
15,14,5,0.5410761785221865,4
56,13,12,0.5030757962196126,15
82,9,9,0.9529217147657064,16
88,5,28,0.916425990543273,37
62,7,5,0.5172428091055818,15
11,9,12,0.6335212416052043,12
96,13,13,0.8083651494544758,19
66,8,7,0.9475131599199604,14
88,4,13,0.5328556690572226,39
16,4,9,0.5163044127105552,13
10,5,21,0.7838121899264285,17
66,5,24,0.7856130582444798,33
54,12,17,0.8004112358927762,16
11,15,30,0.6279006142564874,28
13,11,12,0.5566265334398364,13
84,5,8,0.9480247321142852,24
22,9,17,0.7418857263065395,14
70,12,8,0.9591550769702664,10
24,13,22,0.96513841592597,13
42,9,25,0.6292705974575838,27
30,7,16,0.9987003070624201,12
55,14,7,0.9451561808705754,8
78,11,17,0.779208103141698,21
40,14,6,0.705326106454429,8
22,9,15,0.7625290935284958,13
63,7,7,0.5631149318801698,16
62,10,14,0.5064305743021882,19
26,4,0,0.8456242079169759,7
60,3,10,0.6602938449427287,33
89,5,7,0.7849201920662074,26
57,7,14,0.7136100959047218,20
51,8,11,0.606685974076224,18
17,5,29,0.6530478088138427,27
31,14,2,0.7447943578274208,4
32,12,19,0.5629576271404795,23
55,4,7,0.788671773639922,21
56,14,7,0.6923605873945735,10
33,11,11,0.7147710583841473,12
46,11,21,0.755332838203508,19
94,12,16,0.7407333744151665,21
85,10,23,0.8331199463820916,24
97,10,0,0.6157040514651317,9
94,2,9,0.5374167990362395,64
49,9,7,0.8384172115108324,11
50,10,21,0.6804268365306269,23
59,14,24,0.531554432893002,27
23,7,20,0.526426654005057,24
97,14,30,0.5920739384525113,34
86,6,10,0.9940913900433921,21
83,3,20,0.7776946471301667,48
51,11,20,0.7802547783315215,19
98,15,2,0.7346865206262733,9
6,10,6,0.6468698698959734,5
49,15,2,0.7691026856032492,6
56,8,30,0.7660414604087453,30
12,14,6,0.559363143507011,6
80,6,30,0.9202326340384064,32
90,15,14,0.5940626245122445,19
62,9,11,0.8891276020492326,14
45,8,7,0.9911694303869607,10
45,4,19,0.553731621572791,32
63,9,8,0.917712226343957,14
78,2,3,0.8390004084354206,49
22,10,6,0.6470421391199777,8
17,15,19,0.7762671322010577,13
70,15,9,0.679132487349517,11
12,14,5,0.8958262418999514,5
63,10,11,0.5233282905217775,18
98,3,2,0.7668761425319581,40
95,9,24,0.7759895448824627,29
99,15,18,0.9980555970618552,17
24,5,2,0.6556626902483182,8
62,6,22,0.927097671153899,24
79,7,2,0.730198353138527,14
27,15,0,0.6524805105398193,2
70,7,11,0.9468993265435941,17
16,8,22,0.5305182323418225,24
39,4,18,0.6407398875951504,24
28,5,23,0.8918836900219356,20
73,9,13,0.857291479710673,17
47,7,26,0.5911660412846256,34
53,12,13,0.9599101389107629,11
88,9,24,0.9569933425661475,25
17,14,19,0.54969172923119,17
39,4,22,0.8410895244378331,24
39,15,9,0.5484372455343103,11
25,2,29,0.8379600272857137,33
99,3,19,0.6206472005283301,57
75,7,26,0.8817093429081608,29
44,8,28,0.5535949047402067,32
50,15,29,0.7654571165165649,23
46,15,12,0.951881240821943,12
56,10,3,0.9916763323538528,9
49,10,15,0.5471430779388817,20
93,14,16,0.5316004157700449,22
76,9,21,0.5826880733129509,28
83,8,9,0.8706744878698973,18
96,7,18,0.5545422536321593,31
81,6,23,0.9293585090943027,30
17,15,24,0.6115058052568174,22
29,14,12,0.7066123383222788,11
44,3,26,0.588303221945844,42
62,9,30,0.8854259263460366,25
86,3,6,0.5667738186073741,39
16,2,15,0.6479619435772266,22
46,3,11,0.5731539006084705,29
98,15,26,0.6769643198089356,28
98,15,21,0.5575484071549965,26
26,6,26,0.7443584205993996,24
95,3,0,0.9593355181731097,38
36,6,30,0.7011631261993334,31
7,12,16,0.9176191145730177,10
41,12,12,0.904591478178008,10
87,2,16,0.6347191298876184,63
27,12,4,0.6276747762822257,5
22,2,13,0.5762105486263294,24
96,3,12,0.5484066026715585,49
60,4,29,0.8405247654436814,38
59,7,18,0.6218441427161822,26
36,12,13,0.5129986860774916,16
5,4,6,0.6857189237353505,6
89,3,11,0.9842618568864534,41
16,6,5,0.8317773393741639,6
34,6,15,0.6970612680826417,20
47,3,17,0.8232399222321889,29
57,15,4,0.8437024388311154,5
38,6,28,0.9942944788081118,21
37,4,6,0.8324538332276052,15
35,6,3,0.7738654106218797,11
19,9,2,0.9454796964844633,4
68,4,15,0.615706281646907,34
70,2,27,0.8740597656672437,59
65,8,4,0.5104478904497465,14
97,14,20,0.9715441285280481,17
86,15,2,0.9502957954213442,7
98,8,26,0.8126754356772241,32
50,11,9,0.7057232261497246,12
85,9,21,0.6859509984890637,28
21,13,22,0.7112928707104373,18
86,11,7,0.8569636828099229,12
10,4,26,0.9339807439970117,16
40,8,5,0.5956890216702786,10
47,10,11,0.8081159648305527,12
90,10,26,0.6581252935256694,31
72,13,19,0.8234577694613239,18
35,13,9,0.912836571019213,8
99,7,24,0.8097809079657536,34
88,12,22,0.5075874307600127,30
52,9,21,0.5911296636326648,25
84,13,28,0.5959476755800718,34
52,9,30,0.9948631533061402,22
94,4,18,0.6221350663993019,43
44,10,11,0.9975008710024598,10
50,11,13,0.6396820254098972,16
71,11,29,0.5034033248193219,35
93,5,0,0.5479218406380706,23
13,7,28,0.9846136802789456,16
77,5,18,0.8832986119968792,29
62,10,1,0.9602177635377578,8
63,5,11,0.5872842644224553,25
99,10,5,0.6745411168685209,15
65,6,3,0.9660635827612472,14
9,10,10,0.5116657229385649,12
73,11,27,0.9164286339103597,25
48,14,12,0.8418037896962621,11
5,14,0,0.553735942503073,1
29,11,2,0.5617886959612568,4
6,9,15,0.7715597851749028,10
55,12,2,0.9119803785594416,7
50,2,16,0.8913700242433182,39
40,15,29,0.8028740470817995,23
45,4,18,0.9807831750938634,23
62,8,9,0.9278489106571065,15
14,4,30,0.932303461641426,21
46,12,5,0.65580977059766,8
93,12,4,0.7317281087263586,13
49,11,0,0.9967212557403264,5
40,12,27,0.717804518133953,26
69,3,0,0.7500987447294354,28
80,4,25,0.9614965724215457,38
35,13,11,0.8093142492593774,12
91,10,6,0.8028798451118837,13
84,12,2,0.8390411178272564,9
98,13,9,0.8707686062538726,14
90,10,3,0.7536157325184926,11
85,5,9,0.7196395466860084,27
38,3,22,0.7340359784634385,33
47,4,23,0.9929158215146761,24
22,4,0,0.526162344841429,5
50,7,9,0.7027571339869254,14
66,8,20,0.5694608020448972,29
43,14,5,0.5013720695230324,7
14,9,25,0.7941281807050059,19
37,9,12,0.5578256712185758,15
29,11,25,0.525876750156383,27
17,15,13,0.6438464600203377,11
40,2,13,0.9542200532638758,32
96,7,12,0.9285075823843789,22
95,2,19,0.8530169002801108,69
59,15,14,0.5291614423962179,20
45,6,1,0.8718266921509359,8
58,5,14,0.5532348723795897,29
51,7,11,0.7523344429400343,16
58,14,22,0.6971587382371103,21
5,8,24,0.6610408854098873,21
21,2,19,0.9429146486462132,23
87,2,25,0.9582973497113257,64
31,14,20,0.9421931793179167,15
42,14,28,0.9424433309706144,19
66,6,11,0.7306825918792355,20
53,10,0,0.9385290100300896,7
74,10,10,0.5162803452203568,20
41,12,21,0.6610961443530678,21
88,2,18,0.6351434012229564,68
66,10,15,0.929763398585427,15
50,15,21,0.6339974866953918,20
33,2,0,0.7278433577084569,18
65,7,23,0.5042754127308806,33
54,6,18,0.6451574524304844,26
67,7,26,0.8736452605683056,27
79,5,3,0.8650631166194689,21
91,13,3,0.8291104642916458,10
31,10,26,0.5441653131317147,30
33,13,26,0.6512751755234002,26
28,5,29,0.7150546244841012,30
41,13,9,0.6768140676591737,9
74,5,9,0.8339283390085128,25
55,3,17,0.6662691151032888,36
7,10,29,0.8608463969234978,18
99,10,22,0.6827653725171159,29
66,3,8,0.9524646335404117,32
99,10,25,0.8551667842337854,28
34,14,5,0.7364732520816115,7
14,12,21,0.6843641925776729,16
93,6,7,0.6222086064455814,24
89,10,8,0.5834016908198705,17
60,11,14,0.6066782680126598,19
46,11,14,0.5537276030283407,17
15,8,6,0.6458752312741707,6
57,13,28,0.8518696136613183,23
78,11,9,0.8029025761357563,15
83,7,24,0.5552914356363261,35
98,13,4,0.9222045321365789,11
36,14,8,0.9811879001027941,7
24,14,15,0.6054883227526335,15
17,3,28,0.7933491204146927,28
64,14,3,0.6332763213366901,8
6,9,24,0.6409828430022844,19
29,7,30,0.8684069738527167,24
25,4,16,0.812868831769382,17
49,5,25,0.7894488459828732,28
71,7,3,0.5381450513590449,13
83,11,25,0.7643993859932037,28
21,13,12,0.8266722407697383,10
45,11,5,0.7611915925889484,9
81,15,7,0.7222363289895739,10
40,8,29,0.8376897777877497,26
35,12,8,0.5163623843812852,11
24,4,1,0.6286431146050244,9
66,10,22,0.5060663689462968,29
33,9,8,0.5968707646581233,11
93,12,27,0.5758315526537263,33
99,6,26,0.779233035299044,37
20,14,1,0.8008153419491164,3
63,14,22,0.9781122767097132,16
65,11,1,0.7034010697119968,8
100,11,10,0.6585853982988406,17
89,10,4,0.5909816157494817,13
61,12,5,0.608064912268676,10
39,5,29,0.6937127316904312,32
36,4,6,0.9964610065491901,13
86,5,19,0.8655000113879371,32
57,2,17,0.7689812966251371,46
13,15,22,0.5091008797538451,22
87,7,30,0.8215435320859428,36
58,2,0,0.8542817802182436,35
19,4,15,0.8300067163385053,15
18,9,26,0.8477014283925339,18
59,3,16,0.7904346887564068,35
80,5,10,0.5098099966923824,29
57,13,10,0.9419603051721888,8
90,2,5,0.856515344611142,56
96,9,6,0.9618569263287343,16
88,10,19,0.6934073459563985,27
51,14,13,0.9828421307968112,13
10,3,15,0.6123252366984693,16
78,3,12,0.907876053623696,39
6,12,25,0.9714489175158698,13
82,4,16,0.7849106852013668,36
90,9,29,0.5473901724244588,37
66,15,27,0.8128846309094129,23
58,4,14,0.9326127318061886,24
21,8,24,0.6437251952832539,24
38,14,6,0.8933467862186394,8
34,11,19,0.5009168685727867,22
11,5,18,0.7028749273043685,17
59,5,7,0.583736982327572,19
54,6,3,0.9418105460411164,11
85,7,3,0.9241399463229677,16
34,11,11,0.5995690468376268,14
77,12,0,0.7101992603312872,6
27,3,10,0.781308623115864,17
50,15,17,0.6606724611981174,19
33,9,2,0.9309305156317698,3
99,7,0,0.6028112834047796,18
45,3,28,0.9853958744296354,31
81,5,23,0.6102959870739333,40
52,10,13,0.5543331082074795,17
77,12,13,0.7328602389641238,14
60,5,27,0.8885241911384345,30
73,2,24,0.7351007440148563,60
67,3,30,0.996945913636,42
68,15,22,0.9831454981551139,16
34,10,5,0.9365131630787513,6
75,6,11,0.6608494335883996,23
56,2,5,0.8434198239128878,36
59,9,17,0.705773908362394,20
32,12,24,0.8224586191840937,20
84,15,22,0.872078321611935,22
27,12,4,0.9844097617091419,4
77,12,7,0.6538894697242907,12
18,2,24,0.9707032134064801,23
8,8,9,0.5637688601696984,10
71,10,8,0.705232354390372,15
22,13,23,0.9612087672176997,14
42,2,12,0.9416226602890638,32
80,8,28,0.9901948917048617,26
77,4,9,0.5384313735345103,33
38,10,16,0.659469821492944,17
90,4,29,0.510162609480854,55
39,14,19,0.5408081715462969,22
9,11,18,0.5962153608494825,17
85,11,20,0.6468686317617588,26
27,5,26,0.5293060639848277,30
34,4,10,0.9134837354339,18
90,3,28,0.9783627867316249,50
24,13,20,0.9633450149148057,13
42,11,1,0.5455045872237838,6
10,9,20,0.7282553645340015,16
42,9,10,0.8036995724769505,11
52,10,17,0.664436742908369,18
11,7,6,0.7406557176658637,5
84,11,28,0.779368627768473,29
16,6,7,0.9524114934336718,8
35,3,6,0.6949617016800349,17
50,10,20,0.5685195148098572,25
10,8,19,0.6226199186799801,17
31,15,13,0.6909161512963087,12
38,10,15,0.6521640292932683,17
11,2,24,0.9399583320753432,19
95,3,24,0.5638574533247165,58
28,13,9,0.5724572718975183,11
76,9,12,0.6843678508870508,19
66,11,7,0.932094163005229,12
90,8,27,0.5093410329232564,40
81,7,7,0.5921697813969737,20
66,4,16,0.8730527995431963,28
26,3,15,0.6434413019988863,24
67,5,20,0.8417824450962985,29
30,14,22,0.7002274015046196,19
78,6,0,0.7178391284271534,16
15,12,2,0.7102228062990801,3
44,15,1,0.7672086893817474,5
10,15,14,0.9619167932543526,7
47,11,4,0.5716754366305135,7
48,6,24,0.9220761559292228,23
41,10,28,0.6808790041583921,28
46,7,7,0.8144262845451222,13
52,8,4,0.8708212200795596,10
41,9,19,0.9493939329660284,17
62,9,8,0.8372601161065845,13
49,12,24,0.5751862555316867,28
28,4,13,0.7839073340267821,18
42,3,8,0.9035691805404633,22
71,6,4,0.8504828854573647,17
9,7,0,0.9756210542086527,0
71,12,29,0.5966166578004476,34
22,10,3,0.5717731572414959,6
11,14,17,0.7737581376574134,13
15,6,28,0.9267752279542598,19
26,11,30,0.5106250165261459,31
17,7,18,0.7602503192855905,14
20,14,9,0.7484688943817486,7
39,7,24,0.8263726593035291,22
22,5,9,0.8875399752957411,9
44,7,25,0.7784524875328752,25
56,5,8,0.6419867805626593,18
53,15,10,0.6043154909875823,12
85,10,26,0.6729092247108273,32
82,7,18,0.6719033293858437,27
29,7,2,0.9851700842114687,7
27,13,16,0.717528254349311,15
43,2,9,0.5144615997915655,34
49,7,10,0.7682248341600204,15
19,2,23,0.76373875114943,30
53,8,30,0.8844823958690702,25
38,11,2,0.5954686121065744,6
79,2,28,0.5135336879240098,74
23,10,29,0.8480747141475831,21
98,4,1,0.679200860084854,30
41,13,15,0.7839301580795693,15
59,3,23,0.9463783870292763,36
99,11,9,0.5349487664194276,20
59,9,19,0.6529564025111239,22
72,13,16,0.6650846573278775,20
15,10,5,0.9512120446675967,3
49,15,15,0.6791247367704483,16
25,10,8,0.8709625474897293,9
28,14,22,0.565635484358026,23
75,3,17,0.7740855084863194,42
13,14,8,0.7508977958143197,7
86,4,30,0.824795033172927,47
44,6,17,0.9734694857158098,17
91,15,14,0.8106881207895869,16
67,5,6,0.7104120591889249,19
71,14,12,0.6627994414692056,16
30,2,18,0.7336855987159105,31
81,14,26,0.9662384678830573,20
45,7,29,0.782664566904047,26
57,9,9,0.8606808573680992,14
32,11,22,0.7311279968591757,21
63,14,13,0.5209073998825036,16
43,2,24,0.6430722233131214,45
57,4,16,0.6505152242182453,29
26,14,27,0.6184945437231029,27
41,2,15,0.5885779901024222,38
93,4,16,0.6141968632524955,42
76,9,9,0.9950231582598348,14
72,14,12,0.8000372393428861,14
76,8,22,0.6664677680310753,29
33,8,21,0.7929502104309318,20
98,13,26,0.7203593643355932,30
83,8,30,0.5815043842203456,40
42,4,4,0.9126691109697616,16
27,9,20,0.5062845689946691,22
5,12,21,0.6464032977481041,18
59,3,20,0.6756473306256428,39
14,10,30,0.6865661782280269,26
30,13,14,0.9845399055653197,10
100,3,15,0.8538749007466238,51
80,2,10,0.5891461294012665,56
76,9,26,0.5706307489413454,33
17,7,30,0.9942660419002352,18
51,7,12,0.9386274564981563,15
64,2,26,0.9851794724451128,50
99,7,11,0.8948070557128072,24
88,15,11,0.8338936875765088,15
64,5,5,0.7144426927782532,19
92,2,19,0.8380098426072592,68
49,6,30,0.5111230001756323,38
35,4,18,0.9282044211997014,20
41,13,12,0.6882482319166794,11
65,3,3,0.9510561843499632,26
67,2,28,0.5906834839155024,66
20,12,29,0.6767297687810283,26
62,4,11,0.7899751976397,27
86,10,10,0.8861927887555073,16
11,13,19,0.5775924509213954,18
6,4,29,0.8737079967572141,19
93,3,21,0.9228907343521355,48
75,15,16,0.7684202958133258,18
25,2,24,0.7181457034684755,33
27,11,21,0.7386216163066288,18
55,14,0,0.6641475799223335,4
29,14,13,0.9668903867583244,7
69,9,15,0.8188992812626816,19
86,4,3,0.8091655381524103,27
82,6,2,0.8541434723964603,17
22,5,1,0.7414697953963374,6
35,5,19,0.5826001252483852,24
83,3,23,0.8116672348011946,49
99,9,16,0.9984271139891363,21
46,2,22,0.5954136196701882,48
65,13,1,0.8478262002308165,7
49,14,8,0.521448593069775,10
60,2,24,0.5035825604076719,58
95,3,16,0.5396354099089464,52
35,5,16,0.5940813692368598,23
97,10,11,0.7805029162997077,19
39,12,26,0.9078154412189077,19
58,14,5,0.5049504922222819,7
67,7,30,0.8371700521536167,31
19,14,24,0.7316601447082511,20
84,3,3,0.7549067170434509,35
35,14,9,0.8018540773476543,11
98,10,8,0.7451923932808507,18
92,2,1,0.850862385528838,56
26,11,9,0.840323480524614,8
43,7,12,0.8133267224228585,14
67,2,1,0.9670017900549409,40
15,3,4,0.8414910882008231,8
63,2,17,0.9160576305131314,48
60,12,8,0.8360004432999149,11
63,8,11,0.8682622698541773,16
74,15,12,0.5726469126327789,16
83,11,10,0.9284525546676877,12
8,11,7,0.7830600245660113,5
15,14,6,0.6838716706078196,7
79,5,21,0.8643034605415839,30
57,14,27,0.9831208716345976,18
51,8,25,0.7618316372811229,26
7,5,14,0.8051053914039485,11
73,7,0,0.8041598288680908,12
33,6,29,0.65351746107619,29
62,10,23,0.6687093097667551,27
77,11,16,0.5609619735550953,23
20,7,11,0.5933118813877591,12
23,9,6,0.9901737575753902,7
5,4,10,0.7391941769361952,7
99,12,30,0.5359912016518574,38
26,11,20,0.9962007974880487,12
76,13,6,0.966296611113098,10
35,7,21,0.6610543657566812,23
48,4,17,0.9518898608795736,23
82,4,11,0.6544647203526088,35
12,8,15,0.6441086056184192,13
47,9,14,0.9840417448026334,12
37,2,22,0.8891833303475412,35
33,8,18,0.9208655205232616,15
71,3,6,0.8423177025033473,31
69,13,10,0.623090323116521,14
95,9,5,0.8743890911713935,16
49,3,16,0.5466430462370861,36
57,2,30,0.9491753894125001,51
81,12,23,0.6613701400347368,28
45,8,22,0.8594654372616473,20
27,6,8,0.6619557018357599,10
58,7,6,0.7161654303791565,15
37,4,2,0.511426852011592,12
57,8,20,0.9057648044163711,21
14,13,23,0.9425687367207812,11
59,9,30,0.8275801672577106,28
80,10,20,0.7503352378469237,23
98,7,16,0.5555372553214618,34
25,13,9,0.5432531973764694,9
84,14,8,0.9861253443094592,10
88,12,6,0.8505018321332561,12
68,11,14,0.617608484426172,20
72,8,5,0.9367612415385207,12
40,15,8,0.7567385637406874,10
99,10,28,0.9819795801623451,26
43,12,17,0.5350895408390692,21
29,5,0,0.9149826694063647,6
83,15,12,0.9195440586755094,12
71,6,20,0.7169007558650241,29
43,4,27,0.5267765320601057,38
60,12,25,0.5884664797807979,28
36,10,22,0.7697186540717476,20
48,6,13,0.5539804131556023,22
84,9,28,0.5400143200774874,39
75,5,21,0.9879455413292499,28
18,13,3,0.9267608398888771,2
97,14,15,0.562801453000566,20
94,8,21,0.5169630361499268,33
11,12,25,0.533450454700059,24
38,15,25,0.5703519322001311,26
99,7,13,0.6694781140745121,27
72,15,16,0.7725428089553597,15
91,11,16,0.6269190907774225,24
37,8,17,0.7488558538894319,18
57,14,16,0.9473391981361063,12
39,4,11,0.8782683506138912,19
17,6,21,0.8739774837543337,16
66,4,19,0.5874106924994517,36
13,13,2,0.9239029723020644,1
40,12,26,0.6880211007604563,23
85,12,1,0.7564197505293156,8
82,9,17,0.7693044681349275,20
57,8,19,0.9465672072888912,19
85,2,0,0.8043258561207225,51
17,10,0,0.5832166539414861,2
59,13,15,0.6151516401982839,20
97,15,16,0.6691802782149301,20
81,7,23,0.8079584487570638,28
78,13,25,0.7332356403664884,26
91,8,13,0.8119958949685555,22
42,5,20,0.6838833460419984,26
51,3,15,0.7758144878042679,29
76,6,12,0.5631009307148109,27
59,2,8,0.861262145159903,40
69,9,20,0.7596403727169729,24
40,8,7,0.5888047892503676,13
53,4,0,0.9665717250985586,17
80,12,20,0.9579751863363407,20
28,2,24,0.7907369555764607,34
18,4,2,0.8218691033997659,6
45,3,5,0.9003193119490684,21
70,12,4,0.6661301750196348,9
71,7,17,0.8657140133299586,22
29,5,13,0.9827772739765933,13
69,6,7,0.9751040065609868,18
8,7,15,0.5987357004569183,14
5,7,30,0.6458839714906839,26
11,3,1,0.966474551714502,5
7,6,22,0.8380685599914474,15
20,12,25,0.8345710346220423,17
73,11,5,0.9930300959691887,10
97,10,16,0.7318227255175566,23
99,7,25,0.7218685170928463,38
24,11,21,0.6838288491614865,19
29,13,1,0.7269394258290938,3
12,9,7,0.844399861574813,5
61,8,20,0.6617024187666711,26
32,8,4,0.6087512918995706,9
37,14,13,0.8567579129539644,10
94,7,12,0.7727424687917004,24
87,11,25,0.8051545244211773,28
66,12,14,0.8269846486791653,17
38,5,5,0.7718136456404356,14
87,13,9,0.7197136249160905,14
29,6,22,0.5182760641658819,26
64,5,7,0.7240781879962448,20
23,13,1,0.908708244941721,4
72,12,28,0.9540071873025435,23
82,8,7,0.5036114242061835,17
20,13,10,0.835841221880997,7
96,3,17,0.5960634383705958,53
14,2,8,0.6528258989120609,16
66,6,0,0.888565452358592,13
98,14,17,0.5483030815785116,26
59,6,17,0.7706125287042362,26
34,9,9,0.853605046896176,11
44,6,3,0.7557110837287899,10
6,8,13,0.9624474866937986,6
25,8,3,0.8071863575776248,6
73,9,22,0.8652120662719883,23
58,10,19,0.7698501658515617,18
57,8,2,0.8733557886224665,10
28,12,3,0.7611812876755462,3
40,10,4,0.6033522147978514,8
64,14,17,0.5483591877508894,20
5,2,11,0.7575707992048842,10
57,11,2,0.6145538521113922,6
99,8,8,0.7056213277214336,21
68,15,5,0.9297430451869324,8
51,6,30,0.8847807592218158,29
92,9,19,0.9119178779519632,24
53,13,16,0.8688024217965382,16
43,6,23,0.8759643135452663,23
51,11,12,0.5158015981233035,18
52,8,0,0.6158386340346789,10
35,10,26,0.9514979169493032,18
10,15,21,0.8722295623118838,13
96,6,19,0.6220382012339596,35
74,11,8,0.8027355600188564,14
5,8,12,0.9132544117231675,9
52,8,22,0.7782716859790868,24
87,10,14,0.7386094706281594,21
34,10,8,0.6688247682578049,11
81,10,11,0.7097373141380952,17
74,11,10,0.5370517328356945,17
23,7,21,0.9034619379362232,15
90,7,12,0.6705776645491619,26
83,11,20,0.6506569017454474,25
22,3,20,0.7988597799158734,23
48,4,14,0.9798608177750504,22
48,5,27,0.9978713958878187,24
93,6,4,0.5774576045628002,20
100,14,16,0.5037783490346336,24
92,5,0,0.9688033829989277,20
81,13,14,0.9114432674744968,14
63,8,24,0.7610004091228141,27
72,3,3,0.7496922827965145,32
77,3,26,0.8655247153273016,46
67,10,11,0.7707163435020965,15
37,3,17,0.6732623585021937,27
86,8,20,0.570575591882799,31
94,6,23,0.7927293240890614,35
37,4,0,0.8695460205048283,9
72,8,27,0.9419452210087421,25
6,2,23,0.5521174271941317,26
39,13,22,0.6536688632787649,23
93,8,5,0.7401867291868641,18
25,5,14,0.8993370736791406,15
31,11,28,0.7016652817869324,24
36,12,4,0.7093888518919762,7
38,3,19,0.8057877736614851,28
7,14,5,0.5835286852276231,5
57,5,8,0.8307513944705467,18
32,15,0,0.927981879678528,5
75,5,2,0.9120527250717623,20
98,5,15,0.7015599637175243,35
60,2,26,0.977221746673119,49
29,11,9,0.6926186679918418,8
90,7,5,0.9959238240851522,20
88,15,1,0.7858284741553843,7
100,14,9,0.7354071916420138,12
25,3,9,0.8152476621951427,14
66,10,26,0.8086919373047948,26
35,7,13,0.6285012232185473,17
65,6,25,0.9060252297229752,27
44,14,3,0.8471600285032022,4
20,11,13,0.9073362480352178,9
73,6,13,0.7960238806627833,22
6,8,13,0.6332680628700872,11
12,6,7,0.8693797917384347,5
30,12,2,0.6455204930875373,6
62,3,10,0.9779020184156539,30
73,12,5,0.7834838863743954,10
46,8,3,0.9475527795116387,8
99,6,27,0.9539567881546909,34
26,13,14,0.6656123193645918,12
20,3,0,0.872977011653199,7
23,2,17,0.8087987468715221,26
49,7,16,0.7391017111219615,22
23,2,24,0.8737464236442762,27
25,4,13,0.8390020308721403,15
53,2,2,0.9722800958392211,31
76,14,0,0.7396497556270464,6
30,7,28,0.9951876723256151,19
39,14,9,0.6971823074357971,10
71,3,10,0.8069020777616329,34
14,9,22,0.5290290409921924,21
61,3,16,0.8489465505951634,34
90,8,24,0.9828844531764245,25
45,6,26,0.961224413119365,23
25,8,20,0.6788261754352489,20
77,2,12,0.7925964578909581,55
66,2,2,0.8406538602573366,41
72,14,13,0.831484551373399,13
94,13,5,0.9940984192102249,12
53,13,27,0.5025742362514961,32
15,4,12,0.5028363079054825,16
57,10,1,0.6591487172925805,8
29,12,14,0.7527697130504534,12
98,5,9,0.6321158425061599,33
86,15,7,0.5996710779974732,13
49,12,11,0.7791224652343779,13
82,3,27,0.6920075822695533,55
58,7,15,0.6137409686960567,23
78,7,10,0.6847449932798015,21
75,12,25,0.8778859398057253,22
10,12,27,0.5629972016101766,26
37,13,0,0.5650227861051883,4
13,15,17,0.5672510116927533,17
23,3,2,0.9833531120163692,11
89,3,18,0.8501302070851446,45
52,3,5,0.6891023900322406,25
21,4,26,0.9881072785802747,19
60,7,17,0.8014914042420866,22
11,8,8,0.7394949668926334,6
67,15,7,0.7634998833292173,10
44,11,14,0.9878228194919874,12
69,11,3,0.9960048786553148,10
40,7,29,0.8005679980516441,25
37,13,9,0.5557912656438724,11
94,10,30,0.9263593306346671,26
90,13,27,0.5312769748681558,34
27,7,1,0.642964777813976,5
20,14,9,0.8236301524987955,8
76,4,28,0.5674133380722338,49
13,5,6,0.5979826061431119,8
32,14,2,0.9230473031580163,5
20,4,27,0.8747680995706735,23
79,4,15,0.8785030286365678,31
28,12,20,0.7559727881203249,16
69,12,19,0.8046770945154921,20
68,11,3,0.7876742746214105,8
98,4,19,0.5294495633366771,48
71,7,4,0.8069310969704719,13
8,7,1,0.8635945969409009,0
43,2,7,0.9501173486979337,30
28,13,26,0.9256348527113614,16
16,8,21,0.8008480761951766,16
60,12,18,0.9833045085022454,14
29,2,15,0.7866317402751603,27
93,14,15,0.5200359836201073,23
89,8,12,0.7228000788735315,22
49,15,13,0.7028458488790681,13
56,10,29,0.6329036756104569,31
62,8,12,0.5531480280228132,21
24,3,14,0.5552009585165574,22
94,13,19,0.9487134589925434,17
7,15,27,0.6058011033218921,25
61,13,12,0.6450640980404774,17
75,13,23,0.818151058590111,22
15,14,21,0.9545389483053739,12
54,13,30,0.7914319235960472,28
92,3,14,0.7590627147314163,47
41,3,26,0.9000413695214399,32
16,3,21,0.722111340615264,21
64,4,8,0.6237683222132264,27
68,15,18,0.7396113118668284,18
87,3,4,0.7569254092632696,36
51,6,25,0.5506066487363532,34
63,2,12,0.9021276415324126,44
10,3,15,0.9106644441475478,12
88,4,7,0.7571258008951305,31
91,8,25,0.7738606925204623,31
98,6,6,0.7360701524930577,25
51,9,1,0.6830322164213751,7
17,6,20,0.999790010980034,13
33,6,29,0.6081857608144263,31
27,8,13,0.5293733492757293,15
38,8,11,0.8632601506493849,13
52,2,18,0.9648799058857143,42
61,4,2,0.511055763376795,21
42,13,22,0.7300449023080922,20
52,14,30,0.813414261348854,25
30,10,23,0.633116552870844,24
100,13,9,0.9952173234276838,12
52,11,9,0.8426382170527557,11
30,7,15,0.6155022197992985,16
38,14,19,0.6817678682541324,17
30,8,18,0.9793373242249417,13
10,6,17,0.9044967466242353,11
36,2,26,0.8767832883032061,37
58,6,5,0.8622581235348483,15
71,8,16,0.9840407477680424,18
56,11,25,0.9284809850573985,18
36,4,9,0.8550149040983929,16
58,11,4,0.5538647414517022,10
47,7,22,0.957597200134851,18
82,11,4,0.622739041608499,12
37,12,25,0.5563476331368713,28
16,15,9,0.7421736414794727,7
69,10,8,0.7104302283282071,14
28,2,22,0.8088452949128699,30
10,12,29,0.5001317987703947,29
39,13,15,0.8600132379544503,12
80,6,27,0.9027862643199609,33
21,6,0,0.6538406777052592,5
21,8,30,0.9118080098044623,22
62,14,23,0.87129680679256,19
58,4,26,0.8730929288047198,33
100,3,7,0.671920323567231,44
29,4,28,0.7752556760538134,27
29,12,1,0.6716015539848262,4
82,6,13,0.5102600015168878,28
53,6,2,0.915096811174257,11
72,7,11,0.8201420887096027,19
27,14,19,0.8930364924694976,14
15,9,0,0.5540700921291055,1
46,3,1,0.5408978970878702,19
36,9,18,0.6457997911688315,21
82,8,7,0.8937889301355458,16
84,11,30,0.8007499626717741,30
68,15,10,0.5535498228927451,15
33,7,14,0.6997141776042218,16
62,13,23,0.7138528188856382,23
33,11,19,0.8806079169550713,15
43,6,24,0.851667157714644,23
81,3,9,0.9958252049291884,36
10,13,15,0.8141784209548816,10
75,5,21,0.6455465314212282,36
43,5,13,0.7767106312288816,18
44,13,18,0.6766446184851791,19
21,7,7,0.9362727236431001,7
75,11,25,0.7969050145382248,25
96,9,27,0.5264116470372593,38
49,5,13,0.659009358150508,23
37,9,29,0.7617324095609059,27
25,15,11,0.7350286835593364,12
72,6,16,0.9015739445294113,23
60,14,18,0.946389827624722,16
59,7,1,0.8020869647276268,9
19,5,26,0.8327754175449501,21
9,4,19,0.6972526407298028,17
10,13,11,0.6599910774769859,11
65,9,25,0.9478958410295937,24
92,8,14,0.7360601277950913,25
68,8,15,0.6500985377868742,22
16,3,15,0.589023560778842,20
94,9,5,0.9580708460736728,14
49,10,5,0.5285347947252286,9
49,6,16,0.5589976373157219,24
62,13,5,0.6304999059590465,8
30,8,7,0.9691147431816632,7
90,2,25,0.6944622593850118,74
76,7,8,0.60605318850068,20
13,5,1,0.8835697663563037,2
61,11,17,0.6151507624976136,24
10,11,27,0.6322760465585975,23
84,6,12,0.7475211583273073,24
96,14,29,0.7233448316036661,31
29,4,11,0.7219178863850519,16
100,14,0,0.7785984789881017,6
72,14,26,0.8121783240027352,23
16,14,24,0.7318262702141293,19
62,14,4,0.9318600754576113,6
65,8,18,0.8438455442294432,21
7,4,28,0.9203450297133908,19
88,10,11,0.5419230143869296,21
84,8,24,0.5275993719979584,36
94,2,23,0.72004334724803,74
74,12,9,0.7188970891647217,14
67,13,26,0.864315088565516,22
33,4,27,0.5314131357906594,33
73,8,15,0.5056260161074576,25
81,4,1,0.7748082812988184,25
8,4,15,0.565237401980676,15
20,12,7,0.8394056486443424,5
84,11,17,0.8083617035603698,20
59,8,10,0.8822014864042729,15
77,7,4,0.8250202465286869,14
33,9,8,0.7017192729906323,12
76,3,23,0.7640798710156804,46
8,2,8,0.9995995675654507,8
82,10,15,0.7634796987919856,21
73,11,19,0.7732399768537922,21
71,15,0,0.7855339997563189,5
15,5,9,0.9471769309920955,8
37,5,12,0.9554939967730968,15
22,13,23,0.8393203866846544,18
33,14,13,0.6138917451139329,13
59,4,20,0.7130012914267854,32
21,5,0,0.9872253064347309,5
92,3,30,0.7358289544579248,59
87,9,3,0.95922426640328,12
70,10,22,0.8100605698434122,22
25,13,11,0.8278366603355594,8
29,15,16,0.6218320342434603,16
51,10,15,0.8413046624387657,15
63,8,19,0.7448107772593464,25
61,10,20,0.8613544479643553,20
84,10,24,0.8707375907673327,24
100,7,9,0.6443709217491447,24
55,8,6,0.7180924509743656,12
47,3,11,0.5332459209254976,29
48,12,30,0.7818601589959282,24
81,5,19,0.5293609883025704,38
81,15,5,0.7280521802473814,9
32,10,6,0.9726153555118985,6
85,2,13,0.6114078597339732,63
81,8,11,0.5316888819175701,23
35,7,18,0.7200505889462293,18
15,4,9,0.8972385991750393,11
51,8,19,0.7758046618616444,20
56,15,14,0.7450168694697216,14
32,11,17,0.9711434681554381,11
13,14,10,0.8890920166234806,5
9,8,10,0.712311355055768,8
74,8,16,0.5085855407665434,27
30,3,25,0.7526486493504123,31
54,11,22,0.7858138635792672,23
20,13,17,0.5455614120688148,18
73,11,8,0.8970449024275644,13
56,14,26,0.8538017514502769,22
36,7,11,0.8517480920418393,13
43,2,1,0.5142316013604549,27
82,8,24,0.8638640191564153,25
18,6,0,0.6000857709990287,4
72,11,1,0.5158258766736789,8
12,7,1,0.6473015213500892,4
28,9,29,0.688065635268595,26
61,15,6,0.5509793516225536,11
41,3,15,0.936709666542751,23
13,12,24,0.9082437752384194,15
96,3,1,0.6594209582958321,41
94,15,4,0.5793716200399985,10
53,13,24,0.9162353341382384,17
74,15,20,0.7641268417555844,18
5,4,11,0.5203479946993192,13
78,13,16,0.8188120815108082,17
34,6,12,0.9663048812155963,13
9,7,17,0.8724578561665226,12
75,11,8,0.7659909688422242,16
98,12,30,0.8699962415801431,28
18,14,5,0.9397300576184668,4
99,12,9,0.8310185477401157,16
12,9,17,0.6927320241244439,16
46,6,24,0.9032735323011603,24
55,12,27,0.5069061350215686,31
100,7,10,0.5436787047021374,26
65,6,25,0.6976563071758125,31
64,15,1,0.8489381464825043,5
65,2,6,0.5615709145776699,44
26,5,12,0.5400747681681646,17
51,7,18,0.74098501963059,21
10,15,26,0.6855482137401125,22
73,14,7,0.75991361181393,11
95,15,21,0.7387948953661378,23
33,14,27,0.8887975592772261,20
85,13,27,0.9158282032625704,23
30,15,26,0.6985012084552147,23
80,2,28,0.7681797456498374,67
56,9,8,0.629725767593976,14
21,10,15,0.835099554522966,10
58,7,21,0.8869502427437204,20
36,9,15,0.9069482205132354,14
24,6,13,0.5663944396173295,15
33,11,21,0.6063217431112504,22
33,13,27,0.5362408330405499,29
60,4,17,0.8683686690729757,27
64,9,18,0.5647692101930665,25
95,5,29,0.7432557827255024,44
66,9,17,0.5688794862736783,26
51,5,1,0.9467598974148098,11
22,14,6,0.8541521405501362,6
27,4,8,0.789043344303402,13
61,6,7,0.962874991346816,14
84,3,3,0.836377063760395,34
33,6,2,0.615208016865423,7
60,11,19,0.8206609621327047,19
8,3,10,0.8322298015388009,10
25,3,25,0.9550693280611786,25
79,13,11,0.6722538880204586,15
98,15,6,0.6392142820359645,13
98,10,12,0.9281624564218868,18
11,14,22,0.5057270896795236,24
30,7,2,0.7060554308353959,6
67,6,0,0.567978133847954,13
83,9,18,0.8948248811754468,22
42,12,20,0.6055357733715543,21
93,11,19,0.5886773878755587,27
41,5,15,0.5353248245466243,23
15,13,11,0.7613038965066115,9
89,4,12,0.6296057570261078,36
5,11,20,0.7707261576448265,14
87,10,17,0.5601881868321483,25
80,8,13,0.561250215655762,25
91,11,11,0.7761123172543758,18
7,6,22,0.7197190045084279,19
66,4,12,0.6112310218011308,31
10,6,17,0.7159372541654392,15
38,12,19,0.9590253317970228,13
94,14,24,0.753044755461254,26
85,4,22,0.71530314895024,40
100,6,21,0.7606302058975158,35
10,11,22,0.815757637340156,15
52,2,12,0.9241824918938507,39
29,14,28,0.5446534788818305,29
36,15,24,0.5230415044205503,25
49,13,12,0.8314985888810835,11
97,11,3,0.5454510863952554,14
24,10,20,0.658552098877546,19
75,6,25,0.8973060811510758,28
47,15,7,0.9955149904095255,8
16,14,28,0.6667947468408872,25
15,2,1,0.9089679130816382,10
14,7,23,0.6378404704158676,20
66,14,8,0.9547913311871227,10
63,3,30,0.5330798012835698,52
28,3,21,0.9204153374138704,24
32,14,17,0.8775321393278281,13
10,14,4,0.5018880085725773,4
31,13,27,0.8870977940724936,20
45,13,18,0.7445299639874652,14
96,7,19,0.5093374217102249,34
84,6,11,0.632603200599242,26
50,12,27,0.6451465623468764,25
71,4,12,0.8415403279364153,27
76,12,27,0.5956172701264064,32
93,11,11,0.9251950448293613,17
78,13,9,0.6640231371560557,14
43,2,5,0.6609272153575765,28
36,9,9,0.5765284076436725,11
43,9,22,0.5344944655387058,27
93,7,0,0.5612613595234166,14
62,8,1,0.7600960527711749,11
56,8,3,0.8169862585293146,9
14,12,12,0.6084690202105439,13
48,11,11,0.6660928614451348,14
86,6,10,0.6591791752043807,25
87,3,12,0.7501136177693606,44
24,3,18,0.8239431687834375,23
37,10,26,0.7183074629413344,24
23,10,6,0.6279644838380978,8
5,14,1,0.9227098662947735,0
52,8,12,0.7418844186459745,16
89,9,18,0.7585403259121967,24
82,9,0,0.6863129567123237,10
50,14,6,0.7463621982374598,9
15,8,23,0.6579592967999572,22
72,12,18,0.7619289854831768,19
68,14,5,0.7795902307472242,9
57,6,30,0.920813245350377,28
57,13,24,0.7323319572410524,23
96,7,4,0.6516053447172486,20
13,2,9,0.8222879916444633,13
21,10,23,0.8119312649896651,18
53,11,9,0.7830647520917091,12
64,6,3,0.95620360777611,15
56,7,27,0.9552318749348295,24
66,2,1,0.8235821742993716,42
75,4,2,0.6842318007632552,23
11,5,9,0.6140562123394853,11
68,7,15,0.5211262120460187,26
22,3,10,0.5137635686139043,18
35,8,19,0.6557191919306514,22
97,10,23,0.612934363713955,33
88,12,12,0.9603954025958624,14
76,2,11,0.7115874184968056,55
16,10,26,0.9539688361763548,17
21,5,7,0.7935677783311429,9
100,14,26,0.6823548353085498,29
86,12,23,0.8585219426065902,24
23,15,8,0.9626094034206927,8
97,10,20,0.8991999575728187,24
92,11,15,0.6112179036389345,23
56,10,3,0.5987870940250959,10
94,13,28,0.6580330604383521,31
8,3,9,0.6399972583104517,11
72,3,22,0.5319000188237599,50
58,12,0,0.8555331245000184,7
69,15,6,0.562962729170148,13
88,8,10,0.9595694975888653,17
59,11,7,0.9815430205223724,11
95,3,6,0.7170244405831557,41
7,11,29,0.5452055565131964,26
99,11,6,0.5133081074923369,14
79,10,22,0.7905354077209739,24
28,15,23,0.8774391983390304,15
98,7,10,0.9416236795049835,22
55,15,14,0.7974276279393884,15
99,10,26,0.9445647894767707,25
79,13,7,0.7782057047674549,12
42,11,13,0.7006237641140487,16
95,10,16,0.509943500473296,27
64,5,22,0.8457098644160492,30
83,6,28,0.6064969224709577,41
25,4,3,0.5371005643241384,10
58,10,18,0.6840762848017836,21
56,13,9,0.8606328436342181,11
10,15,24,0.5820595643158426,22
31,13,21,0.667356352613257,20
53,4,4,0.7258464791597364,19
33,8,24,0.5614097424543574,26
98,14,21,0.999096840179278,17
65,14,2,0.884934070171038,7
46,3,2,0.7382047950463637,19
38,10,22,0.5990405549682521,23
68,7,18,0.8803690148454963,22
58,12,25,0.9708581128625611,18
27,5,28,0.7023952293182084,26
99,3,23,0.5120541603634934,63
96,5,8,0.9875061388669288,27
42,9,24,0.7031897671905498,23
55,4,12,0.7130418398010103,25
94,7,10,0.9351092459727908,21
36,14,22,0.7719011420331587,20
55,2,11,0.6604356835435776,41
81,5,29,0.6054768870591954,45
100,6,30,0.9750579159407704,36
97,4,9,0.6389401251898776,37
23,14,2,0.5692912093503903,3
62,3,2,0.6757019549906431,27
93,14,24,0.8973178001597428,23
57,2,11,0.5900469042511759,43
25,9,18,0.8767106639293554,13
85,5,15,0.6370318324006098,33
64,8,12,0.5969270917125069,21
93,4,15,0.9881064395079797,35
34,2,10,0.9336770678296191,25
67,11,21,0.96353365885505,19
29,5,11,0.7387135017408655,14
86,2,18,0.8522159853384175,62
62,9,9,0.5754596652393322,16
100,6,14,0.5531709446515813,32
67,10,15,0.9679709344369677,15
87,3,23,0.9740643439709799,45
70,9,8,0.86493077337013,14
15,4,9,0.5726160652135486,13
71,12,8,0.6092696539685047,13
11,6,22,0.8434799361102668,15
19,13,11,0.7021707097682018,11
64,11,15,0.6553134130233902,21
48,15,16,0.816981688404122,15
47,9,7,0.9546427369846104,10
52,12,13,0.5293003266009202,17
48,2,14,0.8131205546547915,40
68,13,13,0.6206751490202612,18
89,6,1,0.8286514590526883,19
77,5,4,0.891084323856678,20
86,4,7,0.850213319529245,29
22,13,23,0.9178932605624699,16
53,10,15,0.7502076272338939,18
60,4,13,0.9883763727792555,26
11,14,2,0.8029357794296632,2
78,6,30,0.7091167741897645,39
71,9,12,0.6464055377460862,20
13,4,20,0.7566454310875701,18
11,10,12,0.9814534994910997,8
70,2,8,0.7561686515426076,48
38,7,15,0.7316820504208219,18
58,3,13,0.7800867923294499,33
38,8,11,0.964480992449676,12
61,9,1,0.9296608956986893,8
78,5,2,0.5634610604516028,21
89,15,15,0.9158201483669509,14
53,14,20,0.7781345127200516,18
24,14,7,0.9304565917818726,5
66,2,30,0.8437537676268774,59
78,8,1,0.9338474567056994,13
11,9,10,0.6334795354356776,8
34,11,3,0.937725016110585,5
98,10,16,0.9508486102334914,22
68,3,16,0.5778494201890112,43
83,10,19,0.6896004605842749,26
66,3,25,0.650025846543212,47
80,6,3,0.6581046172913945,19
67,3,4,0.7340407109906866,30
93,7,6,0.6859484402078884,20
54,15,19,0.7350581016199884,18
17,14,28,0.9680204580883555,17
46,5,1,0.7091417298772695,11
98,9,7,0.7709024410294523,16
15,2,24,0.675633913567157,29
88,9,27,0.5284683603230426,39
49,11,11,0.816022093371534,12
8,3,27,0.895611387437258,20
83,15,9,0.6391095126396162,15
75,6,28,0.6877820593311627,36
77,5,5,0.9207076023914604,22
36,9,16,0.7107672182986693,16
36,11,2,0.9863736258813152,5
15,11,26,0.7026771204907025,23
15,11,10,0.6757114770261823,8
95,6,26,0.9911372862637929,30
55,15,18,0.9498002319047945,12
90,15,29,0.5087105214230079,36
94,6,27,0.5965175846944002,43
32,13,19,0.8906174842544599,15
57,7,3,0.5132232395701077,13
69,9,12,0.924225247244208,13
95,9,28,0.6994208430656322,34
32,8,29,0.5851700266472291,31
76,15,28,0.5453807742494454,30
77,11,3,0.5977379440907817,11
44,4,24,0.647528745835804,36
81,8,20,0.9951769385954937,20
76,11,1,0.9984435463030219,8
57,5,26,0.5095573110656084,39
80,8,27,0.7011296651567938,32
42,2,9,0.519575106783638,34
68,3,15,0.6317144768916243,39
73,13,30,0.9225676645459823,23
73,13,16,0.7220646299282489,16
93,11,7,0.7700833909823034,16
68,2,8,0.9565675500646773,43
9,14,28,0.8496702646728193,18
58,8,10,0.6942820730720508,17
22,7,20,0.9836567530390203,13
21,11,27,0.6396310797096453,24
38,15,20,0.5987033400004608,23
27,5,9,0.8032454718339352,11
93,8,21,0.7871023773358246,28
55,6,30,0.6043342523212061,38
52,6,27,0.5619085503583835,35
73,7,3,0.8791865720867249,15
87,14,9,0.5407836133210662,15
75,9,26,0.9872331755162362,20
30,9,14,0.7532917791171472,13
62,7,25,0.6726455897378122,30
35,3,22,0.9073246240085824,28
65,2,13,0.5721556430742025,51
74,2,22,0.9581936971707581,55
46,11,27,0.7304709065673827,25
66,15,15,0.6446186439075035,16
87,12,22,0.618565404195031,27
27,13,5,0.9253529895047854,4
38,2,17,0.918816964731628,32
63,10,1,0.838688998785595,9
53,12,25,0.7889014315592386,22
67,10,25,0.8889333404180553,22
5,2,25,0.6168578851763216,24
40,4,21,0.8377765608254097,25
33,6,8,0.649101833289019,14
10,12,12,0.6751496997589526,9
52,3,18,0.5928284305924835,36
60,4,24,0.5374279558830026,40
50,8,5,0.6413080227824008,13
32,12,10,0.5866409885352122,11
77,13,4,0.5770336659898554,11
97,11,8,0.6753383751883358,17
93,8,24,0.6535522091015395,36
84,9,21,0.5162778583933966,31
15,2,3,0.9706177884428073,8
87,9,26,0.6977584609718644,33
72,15,26,0.6861641011255983,26
90,14,22,0.6945815968257958,25
61,11,6,0.6638622234281184,11
41,7,25,0.846486802146046,20
64,15,26,0.9504886158152428,20
67,4,20,0.6205793217176341,36
36,2,4,0.7759834525325928,24
74,4,12,0.7435896547179446,31
17,11,9,0.7517927279588839,8
42,11,8,0.8992544569660365,9
72,15,0,0.8333682954204944,6
35,12,29,0.921401845336435,20
10,10,26,0.5391910388328061,25
68,7,0,0.9747972538478216,11
72,13,19,0.8843223212577447,17
40,15,21,0.5169098237113231,25
66,5,17,0.834710779565346,25
51,6,24,0.8594935002754227,26
13,8,14,0.6535132843173124,14
8,15,29,0.7969290716548372,21
84,8,3,0.5448482917317298,15
83,5,5,0.6036373914128397,25
31,11,17,0.6526127693520841,18
88,13,9,0.9829533877241261,12
100,12,14,0.507011005878337,23
18,14,25,0.671400563984462,21
48,15,16,0.7306999125440293,15
91,7,25,0.8337509656942543,33
59,12,9,0.9092496533192178,9
98,12,26,0.7075344147812677,31
86,11,10,0.8438126598121676,14
65,13,11,0.5890671828549221,15
51,8,14,0.8118785245040168,17
5,11,20,0.6633556164573358,18
31,8,17,0.6822080948986708,17
68,12,14,0.824214675844011,15
28,13,28,0.6202764629140769,26
93,15,20,0.8680734029628594,18
95,7,30,0.8618067852729836,34
72,6,3,0.5968507426752387,18
43,3,28,0.5250020895972358,44
45,4,1,0.7869765075303388,12
82,8,11,0.6622087556113776,21
84,4,1,0.5573925964691533,25
93,2,17,0.600802947084091,72
61,14,25,0.6209120884259711,26
84,5,21,0.8112874466787034,33
66,12,3,0.7321751705108758,6
32,4,26,0.8814074218203154,23
77,6,29,0.6037318948716556,41
41,4,2,0.5014796679611657,16
13,5,21,0.8132045841955793,17
97,2,12,0.8871280401176203,65
96,5,25,0.7921070629084701,41
17,13,20,0.6368299591478104,18
50,15,13,0.933849228716447,13
46,11,24,0.9102147725688889,20
45,8,1,0.5821267881736258,9
89,6,21,0.6460534669095666,35
27,6,6,0.7937921750313821,10
53,14,17,0.8085529200365154,16
30,11,29,0.7042206527598914,25
86,9,12,0.9833954899218103,17
49,13,20,0.5524072075837749,23
31,9,23,0.5720579229191498,26
84,5,8,0.5080109681264385,29
75,11,14,0.5040484506839176,21
24,2,24,0.7155151966795111,32
46,4,22,0.9649721504914266,23
9,7,23,0.8688450313253994,14
72,4,0,0.5073370367941303,20
29,11,19,0.5758143179320662,21
95,11,16,0.654931087018616,23
92,8,4,0.6275453480576221,18
81,9,24,0.7006935288205984,30
97,7,6,0.9918027839386088,19
56,5,8,0.8201184204198837,19
28,12,16,0.8788388681402248,12
39,2,27,0.9134772777774329,37
15,15,19,0.8741067975995713,12
72,8,11,0.632379719457578,21
90,7,4,0.7080981381563021,16
13,12,7,0.5597499229216003,8
59,3,14,0.602307682100953,36
53,10,24,0.7688677009514033,22
43,15,0,0.7594175903193683,2
19,12,12,0.5934965224443736,12
19,13,29,0.673962242365385,26
78,11,30,0.7815783206432366,31
22,3,4,0.9926088696691642,11
44,14,14,0.635188812266848,17
95,13,2,0.9720913271098865,10
84,15,24,0.6641237419909736,26
29,9,12,0.7503441473733683,11
92,11,30,0.5725974304401338,36
82,10,25,0.5130854695805285,34
8,4,28,0.6976634115422672,25
92,12,16,0.7851650085246248,19
60,8,20,0.7994871550193889,23
52,6,16,0.6723089112499356,23
96,6,29,0.8784625220145823,36
85,14,23,0.9847121394231653,19
54,15,3,0.5463812286896716,7
45,12,17,0.6079099616432826,19
60,4,11,0.5492406560849418,28
79,7,5,0.6763072833946157,18
20,12,16,0.5114010043291273,17
97,15,7,0.8982988313300335,11
86,13,6,0.6167024393957752,12
65,12,0,0.8943750532897823,8
16,11,14,0.9573147620937058,10
43,15,0,0.9990795535821002,5
53,12,12,0.5284611106941306,16
17,2,9,0.8731725378508753,16
45,8,30,0.8477731038304821,25
97,7,10,0.6899410801510604,23
57,8,29,0.6150704059134091,33
70,15,10,0.8927155083327862,10
38,10,24,0.6349897752949492,25
21,7,12,0.9688871828847556,10
56,12,24,0.6292947944671134,25
96,11,17,0.9601702598146513,20
86,2,11,0.7780942080272932,60
35,9,9,0.938053914660538,12
55,13,7,0.5634612802988586,11
7,13,19,0.977648903686813,11
51,15,24,0.9414089155415268,18
96,15,11,0.5341501428954061,17
89,12,10,0.5118789287103286,18
5,9,17,0.8797283569003562,10
21,7,27,0.7514417161238995,23
8,15,4,0.7053744289996036,4
80,8,25,0.6618347352648999,34
73,13,14,0.6262004788850138,20
38,3,0,0.986716549728172,14
5,2,7,0.7571132670731348,9
83,8,13,0.7069367934525729,22
67,6,24,0.9527723978454221,25
66,3,21,0.6576737174719338,44
80,10,21,0.8642155099139595,23
45,3,16,0.7600562561381197,29
44,3,25,0.5335978953680457,42
18,13,21,0.6709863730804756,18
20,9,8,0.825976106012009,7
17,12,20,0.5043625164469414,21
96,7,14,0.6273331005801861,29
68,10,14,0.6846396438044859,22
30,11,28,0.7597944922483111,23
7,11,11,0.5045253851108371,12
27,4,25,0.9382144047947609,21
86,2,8,0.7312695556098183,57
34,15,18,0.7725308309249546,15
68,9,24,0.7239633146714372,26
96,9,1,0.8573016636399227,14
63,13,16,0.9532599719888416,14
13,5,4,0.6711489602227767,6
67,10,6,0.5651180008965169,14
83,3,6,0.5219596588888757,38
12,10,11,0.938879433306284,6
36,13,6,0.7532710233936394,8
17,10,23,0.9261113547359328,14
27,11,24,0.8587813528006021,16
50,7,15,0.587963096593703,22
70,10,0,0.8003544183882898,9
53,2,0,0.8654446749369322,31
44,2,14,0.9961798379557514,32
38,12,7,0.8026087361998627,9
7,10,18,0.6187174399972696,16
8,4,25,0.5124192236046583,27
43,9,27,0.5556595727260671,32
31,2,20,0.6466938997882923,35
33,14,25,0.764961151380249,22
24,3,27,0.7231366817080671,30
44,7,23,0.5429388551402279,29
86,5,14,0.6786135698823604,31
31,4,18,0.5209487661521544,26
56,7,21,0.9923468078490711,19
19,8,18,0.6557745286854113,18
90,6,22,0.9905527236166713,29
82,8,18,0.5320633436638762,30
38,5,5,0.5004745974646752,14
57,5,25,0.8147272867589354,30
69,7,2,0.683012780251296,12
43,13,7,0.5226255648836786,9
67,13,7,0.91902434343651,10
97,4,10,0.634084367542032,37
34,14,20,0.5103195337914935,23
28,7,25,0.6066098430256748,27
50,8,0,0.8405076974576859,6
26,6,9,0.5857130143380018,12
56,13,9,0.5693549579196153,14
29,12,16,0.6901930794141629,15
61,8,18,0.7841603723600621,25
88,3,12,0.9439653096212752,41
74,7,17,0.9885222809389739,21
63,2,27,0.772867171057176,57
51,12,6,0.5952878713986336,11
43,6,23,0.6661969544716035,28
94,15,6,0.6052192928077211,12
44,6,1,0.9353443273326167,9
66,6,15,0.7147234195788601,25
88,3,11,0.7533387641842911,42
74,3,8,0.5600702437986151,37
92,14,29,0.811344172559787,26
72,8,15,0.609298901462565,24
58,7,23,0.935395471326836,22
41,3,16,0.8995578421984125,25
43,3,14,0.9152002737016114,23
28,5,21,0.6106808367752201,25
76,7,24,0.5024683540288472,34
50,6,9,0.9461301880563942,14
54,10,21,0.6453822064551413,25
36,7,28,0.8152838393572268,23
29,3,20,0.5497326743633434,32
16,13,30,0.9062906075461135,19
75,11,18,0.7660097911822179,18
30,10,8,0.9226840508950344,8
59,10,19,0.5867972375101003,24
30,6,29,0.6751720462909053,29
81,6,28,0.5192917772279682,44
47,15,24,0.6839330894362469,22
65,12,1,0.6987999005311216,7
25,5,23,0.563041162577443,28
84,2,15,0.9666256399071729,56
98,14,0,0.537582108601661,8
30,15,16,0.8972724163991066,12
71,14,19,0.6321684515448975,23
77,13,13,0.9798989155855256,14
56,14,9,0.7270571252014906,12
72,9,18,0.9498591321525787,19
59,14,17,0.5394151486575146,22
25,15,0,0.6209920813262093,1
85,13,24,0.9286891838698308,20
7,14,28,0.8842435479200189,15
99,11,23,0.7996091310864308,27
80,7,13,0.8930657809537923,20
10,8,16,0.8377834858317603,11
66,14,0,0.5978182103454954,4
59,2,23,0.6250451473468803,56
76,10,10,0.8108950526338058,15
28,10,14,0.8979603782408716,11
67,4,9,0.5610072617780253,28
97,8,22,0.8987845352239784,29
70,6,14,0.6523694798637885,27
57,3,5,0.9464361697100873,24
40,2,29,0.5564368125596557,51
63,7,8,0.7736481552376087,16
37,3,28,0.6382362776801711,38
17,13,29,0.8481823669841926,20
24,3,9,0.6303700547324109,16
55,7,6,0.8126597172494687,13
58,6,0,0.8180685144232679,11
20,13,10,0.5937405089621339,10
67,11,9,0.9768887592297371,12
42,8,29,0.712702403122413,29
95,12,13,0.62508039300033,20
97,11,19,0.8970694322144799,23
58,12,8,0.5380328508459991,13
17,4,20,0.7311596188336185,19
41,12,6,0.8757671962817464,6
76,7,24,0.8292210009621561,29
45,5,9,0.5718753037271063,19
32,2,11,0.7435053323192615,26
48,6,28,0.6834125890880228,33
46,2,8,0.8687573825338748,30
63,10,30,0.7597097022456427,29
62,9,16,0.8896712220652347,17
16,12,24,0.5425226589669112,25
100,10,16,0.9350339960548921,19
67,15,14,0.9005407882994343,14
60,15,27,0.9818522448462866,17
60,9,28,0.762867518267038,28
32,5,11,0.6402136889696759,17
90,8,1,0.7942100965463099,15
61,2,25,0.5899216453296037,59
88,13,17,0.8894522915754635,18
26,3,0,0.7441126560602545,10
5,4,26,0.9515366986214422,15
37,4,12,0.6904957757334111,19
74,6,4,0.5055618067078141,18
69,15,5,0.8182616099680609,8
37,3,14,0.751677763470967,22
42,14,27,0.7524554878439118,23
41,15,10,0.5801095037636363,11
87,9,0,0.6959069232557218,11
46,13,6,0.9433634177419071,8
32,6,11,0.6141702177224084,17
19,9,2,0.8008129915110905,2
10,13,16,0.6933582790080972,15
86,7,14,0.6796502475803755,26
73,3,22,0.7400307048802999,47
40,7,0,0.6540158239766709,6
72,11,0,0.56580366500276,4
85,15,15,0.700316096883391,18
92,4,23,0.8668990812079431,41
71,10,28,0.8995383130276227,26
6,5,6,0.7025787695627366,7
16,5,27,0.8302303535369504,21
36,6,9,0.9929671012236527,11
45,2,27,0.8682989272476795,44
93,6,27,0.8537730177544105,35
18,4,28,0.6091467498076899,30
80,14,2,0.5329003746347099,9
43,10,8,0.6958551150959965,10
57,3,12,0.8900603703517891,29
6,4,25,0.6140184762924195,25
86,9,20,0.5939230163388275,28
79,6,21,0.6333663851464182,33
75,10,6,0.5944818183365541,13
15,8,13,0.8899335733242859,10
46,3,14,0.5970915757024501,31
80,5,15,0.910179252265886,27
89,10,15,0.5241778323972255,24
85,11,8,0.9820578849593139,13
81,4,12,0.6536290013595804,33
83,9,10,0.9684533703610323,15
43,7,18,0.5591881914609553,25
9,13,30,0.6261515472598502,26
17,2,19,0.9292378790780706,22
55,15,21,0.9151154683758248,17
80,3,14,0.90982699061398,41
19,9,17,0.7502587878565701,16
42,7,12,0.9073094592883789,14
88,2,25,0.7430276173787769,73
55,3,3,0.534247256858096,26
22,5,5,0.7783540005486453,8
97,8,15,0.7632049256081859,25
39,5,20,0.7198763252894966,25
7,12,14,0.6661631727581496,13
16,5,15,0.6887297230481297,17
48,7,20,0.6204277551177821,25
78,11,13,0.5300707946816623,23
51,6,10,0.8309974563581528,16
72,2,14,0.5988884258162066,55
53,10,29,0.6906512144843577,30
75,5,6,0.8077393919576863,22
96,15,8,0.6666708607240412,14
51,6,25,0.5279584872543023,33
85,7,13,0.6355040130772756,23
89,2,20,0.5986757943264113,71
23,5,9,0.6169261325903808,13
33,3,28,0.9713953185563757,28
46,11,18,0.6698331256739193,20
44,13,25,0.8005674976238717,21
94,12,29,0.6514241636818148,34
57,6,28,0.9952323576800806,24
31,8,4,0.7976856829335301,8
87,9,5,0.5171231981973904,17
54,11,15,0.9212440391413561,13
53,2,8,0.9169218827928105,35
98,2,30,0.9107572573772765,75
83,15,27,0.9836595802303971,20
49,12,0,0.5791397334924183,7
32,13,5,0.9003338313133261,6
28,5,12,0.6376476521188321,17
82,4,25,0.5151780530440853,49
43,7,2,0.7601362381593916,8
12,2,30,0.5606153328433494,34
15,11,6,0.9355644386164146,5
12,7,5,0.8556667102250971,6
89,6,23,0.7902548445385121,35
20,15,12,0.7591497126130444,12
43,12,3,0.9808229407549147,6
43,12,28,0.6914806629256665,26
61,10,19,0.6892783571614645,23
33,8,9,0.6835578081191825,12
66,14,27,0.7661361846847081,24
80,10,10,0.930289482245786,15
92,5,28,0.8449262904008652,39
23,15,2,0.6074828115082652,4
84,14,23,0.6827491479143901,25
24,6,10,0.568933924172923,14
98,6,16,0.9146040274726631,27
41,15,3,0.6046872055909555,6
66,15,5,0.8687371579620788,8
43,11,3,0.5199133002378763,8
55,12,15,0.6126407649419717,18
85,2,30,0.8850733716156869,69
62,15,22,0.9268468624891497,18
66,9,27,0.8309316892617171,27
89,12,7,0.5682233787036436,16
60,3,4,0.7714080119348313,26
5,13,9,0.8837510320898636,6
19,15,12,0.6451018088483966,12
7,12,29,0.5393903617845758,27
97,8,3,0.9528362922279185,15
61,15,13,0.5068190588224863,19
56,5,29,0.8922789506896234,29
100,15,4,0.6271817584307867,12
75,7,25,0.6355411115849414,34
25,5,30,0.9865545793609563,20
79,15,25,0.6427909625862067,28
52,3,17,0.5418037582528843,36
54,8,13,0.5723787917204145,20
70,9,13,0.8017223404341194,19
46,14,1,0.9668406753132857,2
55,5,0,0.9660288769664588,14
9,12,23,0.7184572075038729,17
37,10,8,0.8144191564181822,10
61,9,7,0.8509072108176625,12
25,14,27,0.5934406101448404,27
86,2,25,0.8112402053699876,70
52,2,23,0.7749900779376404,49
86,6,0,0.804215879890446,17
41,9,11,0.965989355509259,11
52,2,8,0.5874306412759962,37
54,3,12,0.5451977308694322,33
36,3,28,0.9006614775906304,32
55,15,23,0.8933123923427002,19
16,11,8,0.9432014167215659,6
17,14,3,0.7934319034039726,4
65,7,28,0.7113354435351362,32
89,12,30,0.9271046750939023,27
24,13,2,0.7682120673979875,5
60,10,13,0.6625363501022299,18
50,8,15,0.5174420759146585,20
46,14,5,0.5519856999879897,7
39,11,13,0.6549133809052052,15
65,3,29,0.941995268366441,42
43,6,26,0.9237453034967387,23
29,9,19,0.6807211960432812,18
7,3,30,0.5257846234195338,33
65,9,29,0.6614156395727241,31
59,15,8,0.7565393672036929,10
66,10,15,0.5053851981537727,23
99,12,4,0.5670142641011148,14
73,10,20,0.6486286776990069,25
73,7,14,0.7822137560248632,20
58,4,17,0.9353075248875945,27
79,15,5,0.5612036193175691,10
81,5,16,0.8288407494805352,29
19,6,25,0.5789558878714741,26
50,14,1,0.5355871654362644,3
33,11,17,0.974345287144387,11
13,14,22,0.7032513250055142,19
57,8,16,0.561111325823259,23
92,6,3,0.89491295607666,20
14,10,24,0.7249256870204,21
12,10,25,0.7107341134436358,20
61,4,11,0.5296700620127434,29
82,12,12,0.7556325082121345,17
36,11,3,0.9237977573231609,5
45,2,13,0.5455945505160258,40
78,4,21,0.6430416892551007,39
88,3,29,0.5317073991735783,63
28,10,12,0.5460919968805741,13
73,5,26,0.5861979218742552,42
14,2,26,0.965315544813052,20
37,2,16,0.9987401276039449,30
52,15,11,0.5986253093616263,14
8,2,23,0.5984131778789863,24
51,4,27,0.7785243472523806,34
50,9,11,0.6228176590979413,15
9,10,10,0.79034870334017,8
49,3,26,0.5968738272247682,42
54,8,2,0.5100715176550844,9
49,12,12,0.5063284789788433,18
15,6,8,0.8771022514867959,8
86,4,3,0.5471924410133828,25
87,6,20,0.9720560990950927,29
47,8,28,0.6855600329313645,30
38,9,8,0.7488206966607183,10
20,14,16,0.7476960540535615,13
53,12,23,0.7690904264234694,22
74,4,25,0.5173291546820429,45
92,4,17,0.6716699549327456,41
51,8,22,0.607191148543769,26
40,2,2,0.8025710762153371,26
75,11,10,0.5652016620043442,18
35,8,13,0.9645516865414263,13
81,6,5,0.5666320060541217,22
5,2,27,0.8714099281846722,18
6,9,25,0.6918211302733887,20
97,10,30,0.7426246398946321,32
77,14,0,0.9280602334428874,6
68,9,24,0.5661756810775387,32
34,2,0,0.6883046666542875,19
68,12,15,0.6601366056464542,19
40,6,9,0.92311443198808,14
63,5,1,0.5755504541576012,17
50,8,3,0.6928300067022901,8
94,3,13,0.5688498390018386,49
64,7,24,0.8226836002830554,29
31,2,13,0.9048923940709699,27
84,2,30,0.7960133648416515,73
78,3,19,0.5874450916267331,48
23,11,14,0.6484642046349551,13
8,9,24,0.7236315052543811,18
81,15,15,0.868605301148698,15
64,11,0,0.6154085979908177,6
16,10,18,0.9511173458516335,11
20,3,23,0.8672242043817642,22
53,9,16,0.8211502755817737,15
35,14,3,0.546212546672634,5
62,4,9,0.8200750844613258,25
20,12,1,0.8742302025548766,3
65,2,1,0.8414719510162112,40
66,14,28,0.7482566510681381,27
66,6,9,0.9414756039668344,18
45,15,24,0.8561599555191537,20
66,15,13,0.8592768518756452,14
19,4,30,0.9735386083498787,22
26,12,22,0.9371388649089922,15
40,2,12,0.7156834918515347,34
100,14,28,0.5704742683473638,35
54,8,19,0.5819172380503712,24
50,10,15,0.9269821387376036,15
48,14,3,0.8720227060469282,5
66,5,24,0.8962486079561476,29
8,13,10,0.9999188679746958,6
9,13,4,0.5904720318752577,5
77,15,1,0.921742301059437,6
31,13,5,0.5082057808333877,7
9,12,10,0.8791910273640504,6
69,9,24,0.6675073503858906,28
57,10,15,0.6049155687634435,20
46,10,12,0.8695823699986647,13
92,11,15,0.6185318328211853,24
72,4,19,0.6874440505721016,37
44,11,23,0.5779977366944833,25
44,6,29,0.9517201425918146,24
90,9,10,0.6196128697722286,19
65,9,0,0.8980118740353447,9
23,4,20,0.9813995158625927,17
62,15,25,0.7193958033720689,23
28,6,17,0.7829733245169338,16
19,12,13,0.7851934208731098,13
39,8,13,0.9693082959647416,12
64,12,17,0.7270833413791307,19
7,5,18,0.9147565285804722,11
87,7,2,0.6821171876378187,15
31,10,4,0.6357607301650281,7
38,3,10,0.7710729752626493,21
79,12,19,0.6418001397645694,24
69,10,2,0.5035983595559015,9
45,5,19,0.6968697350849591,26
8,14,14,0.9898981244986076,6
8,7,5,0.8021039298519737,4
94,11,21,0.8556020961019947,23
89,12,5,0.8888515689846085,11
47,5,10,0.8505639002424586,18
98,3,13,0.8783865571383986,44
50,5,23,0.9832735159101331,23
44,7,14,0.7754351259958723,17
85,2,15,0.5330850743317752,66
27,4,5,0.6518368957703374,13
32,11,1,0.7122766323348759,3
22,13,5,0.7017962961439872,4
65,4,17,0.7395896415691376,33
57,15,28,0.5690923948423243,29
24,11,13,0.6895155439051774,13
60,6,29,0.7996322625714976,31
6,10,0,0.7878041127630236,1
86,3,23,0.8293739462643424,50
65,2,26,0.6864667333091318,60
65,3,27,0.6682575840179988,48
63,8,9,0.9258538619453318,15
18,9,20,0.5122110947577839,21
81,5,26,0.5272175894913519,46
29,14,10,0.6881313421279862,9
61,13,13,0.8195558412635733,12
54,12,11,0.767475877645805,12
29,14,5,0.960459681809436,5
78,3,27,0.5642090199007795,58
84,11,7,0.942596127260564,13
12,2,25,0.8689193107522779,23
61,8,20,0.6991463890607292,26
93,8,4,0.5141882222261787,18
16,13,9,0.7571770506145008,7
88,2,10,0.7128239623415268,60
56,13,14,0.7654148279234114,15
95,15,0,0.7404560523361259,7
97,2,24,0.7718182054128875,75
59,11,4,0.9165820700633328,8
81,2,4,0.9812051026434956,51
37,6,29,0.8038274166507229,26
53,13,11,0.5157790309194066,16
31,15,23,0.5324301314498338,24
7,14,10,0.9551486651725769,7
25,4,11,0.8380597841020196,15
74,12,12,0.7327431594727247,17
76,13,7,0.968006917121815,11
32,15,10,0.8920234843367121,9
14,8,9,0.523997240802569,8
39,6,1,0.6467847858182756,9
34,12,2,0.5509512670443903,6
97,2,22,0.6794859209763762,74
61,9,22,0.898054607351346,23
85,4,5,0.7833344356596659,30
83,10,20,0.8429782094650287,23
37,15,23,0.9030592475006352,16
62,11,6,0.9055331461164294,10
89,8,12,0.9356059544131037,20
56,6,28,0.9757707406425111,25
44,11,20,0.5391045441230967,23
91,7,27,0.6526655727395383,37
66,14,14,0.5036425439447816,21
9,9,15,0.759496443336549,12
51,13,30,0.7593087406110469,27
51,11,0,0.8642181562316347,6
10,5,25,0.8604017157229163,18
50,15,0,0.5804804078295496,2
76,13,8,0.971342543168158,10
21,12,19,0.6081023810257321,17
93,15,13,0.8140626232473706,17
33,12,30,0.5856785044263972,30
71,13,1,0.6201189542973935,7
86,7,28,0.8013576598016037,34
21,6,17,0.8624763747615153,17
22,8,1,0.6319839759517775,4
33,11,22,0.7996169057205835,15
64,2,5,0.6025046089832018,44
34,12,16,0.8338585712084613,12
91,15,14,0.533857578986624,18
16,13,28,0.8379278785149114,19
63,13,9,0.7066320679597315,12
29,9,20,0.8345639743346891,17
17,3,23,0.6531233389832221,25
23,3,18,0.5119512217766581,26
27,11,24,0.8222264805747369,19
90,5,20,0.5425488390354432,40
61,12,19,0.7256493178150388,22
75,4,17,0.9090061783546908,31
54,6,4,0.930540469745216,14
98,5,13,0.5027497942546122,35
53,3,21,0.7852695166775246,36
67,3,20,0.6216399546794428,46
39,12,25,0.6004937203552073,27
53,15,16,0.9061685191893731,13
86,14,22,0.7936750961812723,25
35,15,27,0.8082730509963207,21
40,10,18,0.7267869235230473,17
47,3,30,0.958096105208181,36
74,2,20,0.8797756007635077,56
32,9,1,0.5102689016258817,5
98,12,0,0.5800598346341245,10
21,9,10,0.6872714608063593,11
29,5,27,0.8343125248334913,24
92,5,23,0.6961036492742555,41
77,4,2,0.5543131211306379,26
86,7,28,0.6165461689098339,40
47,6,9,0.7606106459052615,17
72,8,14,0.7092032652711697,23
73,8,25,0.5472355487892848,34
83,14,19,0.9592451032875811,16
97,12,22,0.8960077746284484,22
76,2,20,0.9776348069004037,57
49,11,12,0.5807316943660419,16
89,2,5,0.9015631570931473,55
14,9,29,0.6779304037791021,26
15,10,26,0.9496784508857498,17
74,7,27,0.6913164325254255,35
28,12,4,0.9716820142824243,4
71,12,3,0.7817614066418054,9
44,13,6,0.658524074672511,8
